{"20221220-11_31_47_00001": {"bboxes": [], "classes": [], "scores": []}, "20221220-11_31_47_00002": {"bboxes": [], "classes": [], "scores": []}, "20221220-11_31_47_00003": {"bboxes": [], "classes": [], "scores": []}, "20221220-11_31_47_00004": {"bboxes": [], "classes": [], "scores": []}, "20221220-11_31_47_00005": {"bboxes": [], "classes": [], "scores": []}, "20221220-11_31_47_00006": {"bboxes": [], "classes": [], "scores": []}, "20221220-11_31_47_00007": {"bboxes": [], "classes": [], "scores": []}, "20221220-11_31_47_00008": {"bboxes": [], "classes": [], "scores": []}, "20221220-11_31_47_00009": {"bboxes": [], "classes": [], "scores": []}, "20221220-11_31_47_00010": {"bboxes": [], "classes": [], "scores": []}, "20221220-11_31_47_00011": {"bboxes": [], "classes": [], "scores": []}, "20221220-11_31_47_00012": {"bboxes": [], "classes": [], "scores": []}, "20221220-11_31_47_00013": {"bboxes": [], "classes": [], "scores": []}, "20221220-11_31_47_00014": {"bboxes": [], "classes": [], "scores": []}, "20221220-11_31_48_00015": {"bboxes": [], "classes": [], "scores": []}, "20221220-11_31_48_00016": {"bboxes": [], "classes": [], "scores": []}, "20221220-11_31_48_00017": {"bboxes": [], "classes": [], "scores": []}, "20221220-11_31_48_00018": {"bboxes": [], "classes": [], "scores": []}, "20221220-11_31_48_00019": {"bboxes": [], "classes": [], "scores": []}, "20221220-11_31_48_00020": {"bboxes": [], "classes": [], "scores": []}, "20221220-11_31_48_00021": {"bboxes": [], "classes": [], "scores": []}, "20221220-11_31_48_00022": {"bboxes": [], "classes": [], "scores": []}, "20221220-11_31_48_00023": {"bboxes": [], "classes": [], "scores": []}, "20221220-11_31_48_00024": {"bboxes": [], "classes": [], "scores": []}, "20221220-11_31_48_00025": {"bboxes": [], "classes": [], "scores": []}, "20221220-11_31_48_00026": {"bboxes": [], "classes": [], "scores": []}, "20221220-11_31_48_00027": {"bboxes": [], "classes": [], "scores": []}, "20221220-11_31_48_00028": {"bboxes": [], "classes": [], "scores": []}, "20221220-11_31_48_00029": {"bboxes": [], "classes": [], "scores": []}, "20221220-11_31_48_00030": {"bboxes": [[40, 145, 61, 183]], "classes": [4], "scores": [0.7983816862106323]}, "20221220-11_31_49_00031": {"bboxes": [], "classes": [], "scores": []}, "20221220-11_31_49_00032": {"bboxes": [], "classes": [], "scores": []}, "20221220-11_31_49_00033": {"bboxes": [[90, 161, 100, 196]], "classes": [4], "scores": [0.8004937171936035]}, "20221220-11_31_49_00034": {"bboxes": [[109, 173, 124, 199]], "classes": [4], "scores": [0.8098031878471375]}, "20221220-11_31_49_00035": {"bboxes": [], "classes": [], "scores": []}, "20221220-11_31_49_00036": {"bboxes": [], "classes": [], "scores": []}, "20221220-11_31_49_00037": {"bboxes": [], "classes": [], "scores": []}, "20221220-11_31_49_00038": {"bboxes": [], "classes": [], "scores": []}, "20221220-11_31_49_00039": {"bboxes": [], "classes": [], "scores": []}, "20221220-11_31_49_00040": {"bboxes": [], "classes": [], "scores": []}, "20221220-11_31_49_00041": {"bboxes": [], "classes": [], "scores": []}, "20221220-11_31_49_00042": {"bboxes": [], "classes": [], "scores": []}, "20221220-11_31_49_00043": {"bboxes": [], "classes": [], "scores": []}, "20221220-11_31_49_00044": {"bboxes": [], "classes": [], "scores": []}, "20221220-11_31_50_00045": {"bboxes": [], "classes": [], "scores": []}, "20221220-11_31_50_00046": {"bboxes": [], "classes": [], "scores": []}, "20221220-11_31_50_00047": {"bboxes": [], "classes": [], "scores": []}, "20221220-11_31_50_00048": {"bboxes": [], "classes": [], "scores": []}, "20221220-11_31_50_00049": {"bboxes": [], "classes": [], "scores": []}, "20221220-11_31_50_00050": {"bboxes": [], "classes": [], "scores": []}, "20221220-11_31_50_00051": {"bboxes": [], "classes": [], "scores": []}, "20221220-11_31_50_00052": {"bboxes": [], "classes": [], "scores": []}, "20221220-11_31_50_00053": {"bboxes": [], "classes": [], "scores": []}, "20221220-11_31_50_00054": {"bboxes": [], "classes": [], "scores": []}, "20221220-11_31_50_00055": {"bboxes": [], "classes": [], "scores": []}, "20221220-11_31_50_00056": {"bboxes": [], "classes": [], "scores": []}, "20221220-11_31_50_00057": {"bboxes": [], "classes": [], "scores": []}, "20221220-11_31_50_00058": {"bboxes": [], "classes": [], "scores": []}, "20221220-11_31_50_00059": {"bboxes": [], "classes": [], "scores": []}, "20221220-11_31_50_00060": {"bboxes": [], "classes": [], "scores": []}, "20221220-11_31_51_00061": {"bboxes": [], "classes": [], "scores": []}, "20221220-11_31_51_00062": {"bboxes": [], "classes": [], "scores": []}, "20221220-11_31_51_00063": {"bboxes": [], "classes": [], "scores": []}, "20221220-11_31_51_00064": {"bboxes": [], "classes": [], "scores": []}, "20221220-11_31_51_00065": {"bboxes": [], "classes": [], "scores": []}, "20221220-11_31_51_00066": {"bboxes": [], "classes": [], "scores": []}, "20221220-11_31_51_00067": {"bboxes": [], "classes": [], "scores": []}, "20221220-11_31_51_00068": {"bboxes": [], "classes": [], "scores": []}, "20221220-11_31_51_00069": {"bboxes": [], "classes": [], "scores": []}, "20221220-11_31_51_00070": {"bboxes": [], "classes": [], "scores": []}, "20221220-11_31_51_00071": {"bboxes": [], "classes": [], "scores": []}, "20221220-11_31_51_00072": {"bboxes": [], "classes": [], "scores": []}, "20221220-11_31_51_00073": {"bboxes": [], "classes": [], "scores": []}, "20221220-11_31_51_00074": {"bboxes": [], "classes": [], "scores": []}, "20221220-11_31_51_00075": {"bboxes": [], "classes": [], "scores": []}, "20221220-11_31_51_00076": {"bboxes": [], "classes": [], "scores": []}, "20221220-11_31_52_00077": {"bboxes": [], "classes": [], "scores": []}, "20221220-11_31_52_00078": {"bboxes": [], "classes": [], "scores": []}, "20221220-11_31_52_00079": {"bboxes": [], "classes": [], "scores": []}, "20221220-11_31_52_00080": {"bboxes": [], "classes": [], "scores": []}, "20221220-11_31_52_00081": {"bboxes": [], "classes": [], "scores": []}, "20221220-11_31_52_00082": {"bboxes": [], "classes": [], "scores": []}, "20221220-11_31_52_00083": {"bboxes": [], "classes": [], "scores": []}, "20221220-11_31_52_00084": {"bboxes": [], "classes": [], "scores": []}, "20221220-11_31_52_00085": {"bboxes": [], "classes": [], "scores": []}, "20221220-11_31_52_00086": {"bboxes": [], "classes": [], "scores": []}, "20221220-11_31_52_00087": {"bboxes": [], "classes": [], "scores": []}, "20221220-11_31_52_00088": {"bboxes": [], "classes": [], "scores": []}}