{"20221220-11_31_47_00001": {"bboxes": [], "classes": [], "scores": []}, "20221220-11_31_47_00002": {"bboxes": [[168, 178, 198, 199]], "classes": [4], "scores": [0.7490328550338745]}, "20221220-11_31_47_00003": {"bboxes": [], "classes": [], "scores": []}, "20221220-11_31_47_00004": {"bboxes": [[173, 178, 198, 199]], "classes": [4], "scores": [0.7714588046073914]}, "20221220-11_31_47_00005": {"bboxes": [], "classes": [], "scores": []}, "20221220-11_31_47_00006": {"bboxes": [], "classes": [], "scores": []}, "20221220-11_31_47_00007": {"bboxes": [], "classes": [], "scores": []}, "20221220-11_31_47_00008": {"bboxes": [], "classes": [], "scores": []}, "20221220-11_31_47_00009": {"bboxes": [[153, 179, 191, 199]], "classes": [4], "scores": [0.7711950540542603]}, "20221220-11_31_47_00010": {"bboxes": [[149, 178, 183, 199]], "classes": [4], "scores": [0.874215304851532]}, "20221220-11_31_47_00011": {"bboxes": [], "classes": [], "scores": []}, "20221220-11_31_47_00012": {"bboxes": [], "classes": [], "scores": []}, "20221220-11_31_47_00013": {"bboxes": [], "classes": [], "scores": []}, "20221220-11_31_47_00014": {"bboxes": [], "classes": [], "scores": []}, "20221220-11_31_48_00015": {"bboxes": [], "classes": [], "scores": []}, "20221220-11_31_48_00016": {"bboxes": [], "classes": [], "scores": []}, "20221220-11_31_48_00017": {"bboxes": [], "classes": [], "scores": []}, "20221220-11_31_48_00018": {"bboxes": [], "classes": [], "scores": []}, "20221220-11_31_48_00019": {"bboxes": [], "classes": [], "scores": []}, "20221220-11_31_48_00020": {"bboxes": [], "classes": [], "scores": []}, "20221220-11_31_48_00021": {"bboxes": [], "classes": [], "scores": []}, "20221220-11_31_48_00022": {"bboxes": [], "classes": [], "scores": []}, "20221220-11_31_48_00023": {"bboxes": [], "classes": [], "scores": []}, "20221220-11_31_48_00024": {"bboxes": [], "classes": [], "scores": []}, "20221220-11_31_48_00025": {"bboxes": [], "classes": [], "scores": []}, "20221220-11_31_48_00026": {"bboxes": [[19, 42, 36, 71]], "classes": [4], "scores": [0.7934642434120178]}, "20221220-11_31_48_00027": {"bboxes": [[21, 36, 44, 68]], "classes": [4], "scores": [0.9509961605072021]}, "20221220-11_31_48_00028": {"bboxes": [[24, 37, 46, 66]], "classes": [4], "scores": [0.9961244463920593]}, "20221220-11_31_48_00029": {"bboxes": [[33, 37, 53, 62]], "classes": [4], "scores": [0.9040546417236328]}, "20221220-11_31_48_00030": {"bboxes": [], "classes": [], "scores": []}, "20221220-11_31_49_00031": {"bboxes": [[63, 42, 81, 70]], "classes": [4], "scores": [0.9940724968910217]}, "20221220-11_31_49_00032": {"bboxes": [[81, 46, 97, 78]], "classes": [4], "scores": [0.9842886924743652]}, "20221220-11_31_49_00033": {"bboxes": [[101, 46, 115, 87]], "classes": [4], "scores": [0.9096739888191223]}, "20221220-11_31_49_00034": {"bboxes": [[121, 42, 150, 94]], "classes": [4], "scores": [0.9300833940505981]}, "20221220-11_31_49_00035": {"bboxes": [[137, 45, 180, 98]], "classes": [4], "scores": [0.8850870728492737]}, "20221220-11_31_49_00036": {"bboxes": [], "classes": [], "scores": []}, "20221220-11_31_49_00037": {"bboxes": [], "classes": [], "scores": []}, "20221220-11_31_49_00038": {"bboxes": [], "classes": [], "scores": []}, "20221220-11_31_49_00039": {"bboxes": [], "classes": [], "scores": []}, "20221220-11_31_49_00040": {"bboxes": [], "classes": [], "scores": []}, "20221220-11_31_49_00041": {"bboxes": [], "classes": [], "scores": []}, "20221220-11_31_49_00042": {"bboxes": [], "classes": [], "scores": []}, "20221220-11_31_49_00043": {"bboxes": [], "classes": [], "scores": []}, "20221220-11_31_49_00044": {"bboxes": [], "classes": [], "scores": []}, "20221220-11_31_50_00045": {"bboxes": [], "classes": [], "scores": []}, "20221220-11_31_50_00046": {"bboxes": [], "classes": [], "scores": []}, "20221220-11_31_50_00047": {"bboxes": [], "classes": [], "scores": []}, "20221220-11_31_50_00048": {"bboxes": [], "classes": [], "scores": []}, "20221220-11_31_50_00049": {"bboxes": [], "classes": [], "scores": []}, "20221220-11_31_50_00050": {"bboxes": [], "classes": [], "scores": []}, "20221220-11_31_50_00051": {"bboxes": [], "classes": [], "scores": []}, "20221220-11_31_50_00052": {"bboxes": [], "classes": [], "scores": []}, "20221220-11_31_50_00053": {"bboxes": [], "classes": [], "scores": []}, "20221220-11_31_50_00054": {"bboxes": [], "classes": [], "scores": []}, "20221220-11_31_50_00055": {"bboxes": [], "classes": [], "scores": []}, "20221220-11_31_50_00056": {"bboxes": [], "classes": [], "scores": []}, "20221220-11_31_50_00057": {"bboxes": [], "classes": [], "scores": []}, "20221220-11_31_50_00058": {"bboxes": [], "classes": [], "scores": []}, "20221220-11_31_50_00059": {"bboxes": [], "classes": [], "scores": []}, "20221220-11_31_50_00060": {"bboxes": [], "classes": [], "scores": []}, "20221220-11_31_51_00061": {"bboxes": [], "classes": [], "scores": []}, "20221220-11_31_51_00062": {"bboxes": [], "classes": [], "scores": []}, "20221220-11_31_51_00063": {"bboxes": [], "classes": [], "scores": []}, "20221220-11_31_51_00064": {"bboxes": [], "classes": [], "scores": []}, "20221220-11_31_51_00065": {"bboxes": [], "classes": [], "scores": []}, "20221220-11_31_51_00066": {"bboxes": [], "classes": [], "scores": []}, "20221220-11_31_51_00067": {"bboxes": [], "classes": [], "scores": []}, "20221220-11_31_51_00068": {"bboxes": [], "classes": [], "scores": []}, "20221220-11_31_51_00069": {"bboxes": [], "classes": [], "scores": []}, "20221220-11_31_51_00070": {"bboxes": [], "classes": [], "scores": []}, "20221220-11_31_51_00071": {"bboxes": [], "classes": [], "scores": []}, "20221220-11_31_51_00072": {"bboxes": [], "classes": [], "scores": []}, "20221220-11_31_51_00073": {"bboxes": [], "classes": [], "scores": []}, "20221220-11_31_51_00074": {"bboxes": [], "classes": [], "scores": []}, "20221220-11_31_51_00075": {"bboxes": [], "classes": [], "scores": []}, "20221220-11_31_51_00076": {"bboxes": [], "classes": [], "scores": []}, "20221220-11_31_52_00077": {"bboxes": [], "classes": [], "scores": []}, "20221220-11_31_52_00078": {"bboxes": [], "classes": [], "scores": []}, "20221220-11_31_52_00079": {"bboxes": [], "classes": [], "scores": []}, "20221220-11_31_52_00080": {"bboxes": [], "classes": [], "scores": []}, "20221220-11_31_52_00081": {"bboxes": [], "classes": [], "scores": []}, "20221220-11_31_52_00082": {"bboxes": [], "classes": [], "scores": []}, "20221220-11_31_52_00083": {"bboxes": [], "classes": [], "scores": []}, "20221220-11_31_52_00084": {"bboxes": [], "classes": [], "scores": []}, "20221220-11_31_52_00085": {"bboxes": [], "classes": [], "scores": []}, "20221220-11_31_52_00086": {"bboxes": [], "classes": [], "scores": []}, "20221220-11_31_52_00087": {"bboxes": [], "classes": [], "scores": []}, "20221220-11_31_52_00088": {"bboxes": [], "classes": [], "scores": []}}