{"20221220-12_20_23_00001": {"bboxes": [], "classes": [], "scores": []}, "20221220-12_20_23_00002": {"bboxes": [], "classes": [], "scores": []}, "20221220-12_20_23_00003": {"bboxes": [[154, 162, 199, 199]], "classes": [0], "scores": [0.8740959763526917]}, "20221220-12_20_23_00004": {"bboxes": [], "classes": [], "scores": []}, "20221220-12_20_23_00005": {"bboxes": [], "classes": [], "scores": []}, "20221220-12_20_23_00006": {"bboxes": [], "classes": [], "scores": []}, "20221220-12_20_23_00007": {"bboxes": [], "classes": [], "scores": []}, "20221220-12_20_23_00008": {"bboxes": [], "classes": [], "scores": []}, "20221220-12_20_23_00009": {"bboxes": [], "classes": [], "scores": []}, "20221220-12_20_23_00010": {"bboxes": [], "classes": [], "scores": []}, "20221220-12_20_23_00011": {"bboxes": [[145, 29, 182, 87]], "classes": [6], "scores": [0.7717879414558411]}, "20221220-12_20_23_00012": {"bboxes": [], "classes": [], "scores": []}, "20221220-12_20_23_00013": {"bboxes": [], "classes": [], "scores": []}, "20221220-12_20_23_00014": {"bboxes": [], "classes": [], "scores": []}, "20221220-12_20_24_00015": {"bboxes": [], "classes": [], "scores": []}, "20221220-12_20_24_00016": {"bboxes": [], "classes": [], "scores": []}, "20221220-12_20_24_00017": {"bboxes": [], "classes": [], "scores": []}, "20221220-12_20_24_00018": {"bboxes": [], "classes": [], "scores": []}, "20221220-12_20_24_00019": {"bboxes": [], "classes": [], "scores": []}, "20221220-12_20_24_00020": {"bboxes": [], "classes": [], "scores": []}, "20221220-12_20_24_00021": {"bboxes": [], "classes": [], "scores": []}, "20221220-12_20_24_00022": {"bboxes": [], "classes": [], "scores": []}, "20221220-12_20_24_00023": {"bboxes": [], "classes": [], "scores": []}, "20221220-12_20_24_00024": {"bboxes": [], "classes": [], "scores": []}, "20221220-12_20_24_00025": {"bboxes": [], "classes": [], "scores": []}, "20221220-12_20_24_00026": {"bboxes": [], "classes": [], "scores": []}, "20221220-12_20_24_00027": {"bboxes": [], "classes": [], "scores": []}, "20221220-12_20_24_00028": {"bboxes": [], "classes": [], "scores": []}, "20221220-12_20_24_00029": {"bboxes": [], "classes": [], "scores": []}, "20221220-12_20_24_00030": {"bboxes": [], "classes": [], "scores": []}, "20221220-12_20_25_00031": {"bboxes": [], "classes": [], "scores": []}, "20221220-12_20_25_00032": {"bboxes": [], "classes": [], "scores": []}, "20221220-12_20_25_00033": {"bboxes": [], "classes": [], "scores": []}, "20221220-12_20_25_00034": {"bboxes": [], "classes": [], "scores": []}, "20221220-12_20_25_00035": {"bboxes": [], "classes": [], "scores": []}, "20221220-12_20_25_00036": {"bboxes": [], "classes": [], "scores": []}, "20221220-12_20_25_00037": {"bboxes": [], "classes": [], "scores": []}, "20221220-12_20_25_00038": {"bboxes": [], "classes": [], "scores": []}, "20221220-12_20_25_00039": {"bboxes": [], "classes": [], "scores": []}, "20221220-12_20_25_00040": {"bboxes": [], "classes": [], "scores": []}, "20221220-12_20_25_00041": {"bboxes": [], "classes": [], "scores": []}, "20221220-12_20_25_00042": {"bboxes": [], "classes": [], "scores": []}, "20221220-12_20_25_00043": {"bboxes": [], "classes": [], "scores": []}, "20221220-12_20_25_00044": {"bboxes": [], "classes": [], "scores": []}, "20221220-12_20_25_00045": {"bboxes": [], "classes": [], "scores": []}, "20221220-12_20_26_00046": {"bboxes": [], "classes": [], "scores": []}, "20221220-12_20_26_00047": {"bboxes": [], "classes": [], "scores": []}, "20221220-12_20_26_00048": {"bboxes": [], "classes": [], "scores": []}, "20221220-12_20_26_00049": {"bboxes": [], "classes": [], "scores": []}, "20221220-12_20_26_00050": {"bboxes": [], "classes": [], "scores": []}, "20221220-12_20_26_00051": {"bboxes": [], "classes": [], "scores": []}, "20221220-12_20_26_00052": {"bboxes": [], "classes": [], "scores": []}, "20221220-12_20_26_00053": {"bboxes": [], "classes": [], "scores": []}, "20221220-12_20_26_00054": {"bboxes": [], "classes": [], "scores": []}, "20221220-12_20_26_00055": {"bboxes": [], "classes": [], "scores": []}, "20221220-12_20_26_00056": {"bboxes": [], "classes": [], "scores": []}, "20221220-12_20_26_00057": {"bboxes": [], "classes": [], "scores": []}, "20221220-12_20_26_00058": {"bboxes": [], "classes": [], "scores": []}, "20221220-12_20_26_00059": {"bboxes": [], "classes": [], "scores": []}, "20221220-12_20_26_00060": {"bboxes": [], "classes": [], "scores": []}, "20221220-12_20_26_00061": {"bboxes": [], "classes": [], "scores": []}, "20221220-12_20_27_00062": {"bboxes": [], "classes": [], "scores": []}, "20221220-12_20_27_00063": {"bboxes": [], "classes": [], "scores": []}, "20221220-12_20_27_00064": {"bboxes": [], "classes": [], "scores": []}, "20221220-12_20_27_00065": {"bboxes": [], "classes": [], "scores": []}, "20221220-12_20_27_00066": {"bboxes": [], "classes": [], "scores": []}, "20221220-12_20_27_00067": {"bboxes": [], "classes": [], "scores": []}, "20221220-12_20_27_00068": {"bboxes": [], "classes": [], "scores": []}, "20221220-12_20_27_00069": {"bboxes": [], "classes": [], "scores": []}, "20221220-12_20_27_00070": {"bboxes": [], "classes": [], "scores": []}, "20221220-12_20_27_00071": {"bboxes": [], "classes": [], "scores": []}, "20221220-12_20_27_00072": {"bboxes": [], "classes": [], "scores": []}, "20221220-12_20_27_00073": {"bboxes": [], "classes": [], "scores": []}, "20221220-12_20_27_00074": {"bboxes": [], "classes": [], "scores": []}, "20221220-12_20_27_00075": {"bboxes": [], "classes": [], "scores": []}, "20221220-12_20_27_00076": {"bboxes": [], "classes": [], "scores": []}, "20221220-12_20_27_00077": {"bboxes": [], "classes": [], "scores": []}, "20221220-12_20_28_00078": {"bboxes": [], "classes": [], "scores": []}, "20221220-12_20_28_00079": {"bboxes": [], "classes": [], "scores": []}, "20221220-12_20_28_00080": {"bboxes": [], "classes": [], "scores": []}, "20221220-12_20_28_00081": {"bboxes": [], "classes": [], "scores": []}, "20221220-12_20_28_00082": {"bboxes": [], "classes": [], "scores": []}, "20221220-12_20_28_00083": {"bboxes": [], "classes": [], "scores": []}, "20221220-12_20_28_00084": {"bboxes": [], "classes": [], "scores": []}, "20221220-12_20_28_00085": {"bboxes": [], "classes": [], "scores": []}, "20221220-12_20_28_00086": {"bboxes": [], "classes": [], "scores": []}, "20221220-12_20_28_00087": {"bboxes": [], "classes": [], "scores": []}, "20221220-12_20_28_00088": {"bboxes": [], "classes": [], "scores": []}, "20221220-12_20_28_00089": {"bboxes": [], "classes": [], "scores": []}, "20221220-12_20_28_00090": {"bboxes": [], "classes": [], "scores": []}, "20221220-12_20_28_00091": {"bboxes": [], "classes": [], "scores": []}, "20221220-12_20_28_00092": {"bboxes": [], "classes": [], "scores": []}, "20221220-12_20_28_00093": {"bboxes": [], "classes": [], "scores": []}, "20221220-12_20_29_00094": {"bboxes": [], "classes": [], "scores": []}, "20221220-12_20_29_00095": {"bboxes": [], "classes": [], "scores": []}, "20221220-12_20_29_00096": {"bboxes": [], "classes": [], "scores": []}, "20221220-12_20_29_00097": {"bboxes": [], "classes": [], "scores": []}, "20221220-12_20_29_00098": {"bboxes": [], "classes": [], "scores": []}, "20221220-12_20_29_00099": {"bboxes": [], "classes": [], "scores": []}, "20221220-12_20_29_00100": {"bboxes": [], "classes": [], "scores": []}, "20221220-12_20_29_00101": {"bboxes": [], "classes": [], "scores": []}, "20221220-12_20_29_00102": {"bboxes": [], "classes": [], "scores": []}, "20221220-12_20_29_00103": {"bboxes": [], "classes": [], "scores": []}, "20221220-12_20_29_00104": {"bboxes": [], "classes": [], "scores": []}, "20221220-12_20_29_00105": {"bboxes": [], "classes": [], "scores": []}, "20221220-12_20_29_00106": {"bboxes": [], "classes": [], "scores": []}, "20221220-12_20_29_00107": {"bboxes": [], "classes": [], "scores": []}, "20221220-12_20_29_00108": {"bboxes": [], "classes": [], "scores": []}, "20221220-12_20_30_00109": {"bboxes": [], "classes": [], "scores": []}, "20221220-12_20_30_00110": {"bboxes": [], "classes": [], "scores": []},